<?xml version='1.0' encoding='UTF-8' ?>
<timeLogEntries>
  <time id="1" path="/TI 4to semestre/TI 1/Planning" start="@1614964515329" delta="41" comment="The implementation of the code and the flow of use was thought" />
  <time id="2" path="/TI 4to semestre/TI 1/Design" start="@1614985639367" delta="39" interrupt="4" comment="Creations of screens" />
  <time id="3" path="/TI 4to semestre/TI 1/Design" start="@1615008211582" delta="13" comment="Continue creations of screens" />
  <time id="4" path="/TI 4to semestre/TI 1/Design" start="@1615256457337" delta="83" comment="News Screens Added" />
  <time id="5" path="/TI 4to semestre/TI 1/Code" start="@1615735117403" delta="65" interrupt="11" comment="Implement multiple classes" />
  <time id="6" path="/TI 4to semestre/TI 1/Code" start="@1615743674899" delta="33" comment="Add new constraints" />
  <time id="7" path="/TI 4to semestre/TI 1/Code" start="@1615756211176" delta="23" comment="Add new constraints" />
  <time id="8" path="/TI 4to semestre/TI 1/Code" start="@1615784238585" delta="85" comment="Work on the methods and buttons of new screens" />
  <time id="9" path="/TI 4to semestre/TI 1/Code" start="@1615847169914" delta="45" comment="Implements new Screens" />
  <time id="11" path="/TI 4to semestre/TI 1/Code" start="@1615874442000" delta="58" comment="Build the hash structure" />
  <time id="12" path="/TI 4to semestre/TI 1/Code" start="@1615917417713" delta="62" comment="Add queue and stack structures, and fix table view bug" />
  <time id="13" path="/TI 4to semestre/TI 1/Code" start="@1616086782000" delta="40" comment="fix table view catalog, add news options" />
  <time id="14" path="/TI 4to semestre/TI 1/Code" start="@1616122413917" delta="116" comment="Continue performing methods" />
  <time id="15" path="/TI 4to semestre/TI 1/Code" start="@1616202203205" delta="108" comment="add news sorting algoritms and new alert" />
  <time id="16" path="/TI 4to semestre/TI 1/Code" start="@1616214648844" delta="217" comment="colaborative couding - code together" />
  <time id="17" path="/TI 4to semestre/TI 1/Code" start="@1616257130000" delta="42" comment="repair methos that did not return what wasexpected" />
  <time id="18" path="/TI 4to semestre/TI 1/Code" start="@1616274280000" delta="137" comment="work on design of new methods" />
  <time id="19" path="/TI 4to semestre/TI 1/Code" start="@1616434232000" delta="90" comment="polishing the program" />
  <time id="20" path="/TI 4to semestre/TI 1/Design" start="@1616446329260" delta="115" comment="realizations of TAD´s" />
  <time id="21" path="/TI 4to semestre/TI 1/Design" start="@1616457382176" delta="124" interrupt="3" comment="Temporal analysis to bubble sort and others task" />
  <time id="22" path="/TI 4to semestre/TI 1/Design" start="@1616466591539" delta="15" comment="Spatial analysis" />
  <time id="23" path="/TI 4to semestre/TI 2/Code" start="@1618961195754" delta="51" comment="The search was implemented in the arrangement in a linear way, together with all its verifications and alerts." />
  <time id="24" path="/TI 4to semestre/TI 2/Code" start="@1619019047000" delta="30" comment="The player information screen was created" />
  <time id="25" path="/TI 4to semestre/TI 2/Code" start="@1619022951000" delta="94" comment="A screen was implemented where the player's information will be reflected" />
  <time id="27" path="/TI 4to semestre/TI 2/Code" start="@1619061688287" delta="212" comment="Data reading is implemented through the recommended library, its printing in the table view is pending" />
  <time id="26" path="/TI 4to semestre/TI 2/Code" start="@1619058606000" delta="31" comment="Create database" />
  <time id="28" path="/TI 4to semestre/TI 2/Code" start="@1619151657078" delta="29" comment="try add info to scv to table view" />
  <time id="29" path="/TI 4to semestre/TI 2/Code" start="@1619155603734" delta="38" comment="Add test to binary tree" />
  <time id="30" path="/TI 4to semestre/TI 2/Code" start="@1619396593000" delta="237" comment="add filter method together team" />
  <time id="31" path="/TI 4to semestre/TI 2/Code" start="@1619485832000" delta="348" comment="add rotates and yours test" />
  <time id="32" path="/TI 4to semestre/TI 2/Test" start="@1619046441000" delta="118" comment="test some methods to binary tree and binary tree avl" />
  <time id="34" path="/TI 4to semestre/TI3/Planning" start="@1621008300000" delta="115" comment="We think the structure for graph" />
  <time id="35" path="/TI 4to semestre/TI3/Code" start="@1621052093000" delta="25" comment="implement the graph with adjacency matrix" />
  <time id="36" path="/TI 4to semestre/TI3/Test" start="@1621053597181" delta="18" comment="Test method enlargeMatrix in replit" />
  <time id="37" path="/TI 4to semestre/TI3/Code" start="@1621012714000" delta="78" comment="continue implement the grap with adjacency matrix" />
  <time id="38" path="/TI 4to semestre/TI3/Planning" start="@1621111595534" delta="65" comment="Work in the firs delivery to TI3" />
  <time id="39" path="/TI 4to semestre/TI3/Code" start="@1621183599090" delta="52" comment="add Island class, Pirate class, PirateChase class, PirateChaseGUI class and data structure of graph with adjacencyMatri" />
  <time id="40" path="/TI 4to semestre/TI3/Code" start="@1621220142000" delta="63" comment="make the model to the first map (map Easy)" />
  <time id="41" path="/TI 4to semestre/TI3/Code" start="@1621612823000" delta="120" />
  <time id="42" path="/TI 4to semestre/TI3/Code" start="@1622217623000" delta="120" />
  <time id="43" path="/TI 4to semestre/TI3/Code" start="@1621872053000" delta="90" />
  <time id="44" path="/TI 4to semestre/TI3/Code" start="@1622044819000" delta="90" />
  <time id="45" path="/TI 4to semestre/TI3/Code" start="@1621731626000" delta="185" />
</timeLogEntries>
