<?xml version='1.0' encoding='UTF-8' ?>
<timeLogEntries>
  <time id="1" path="/PSPTI1/PSP0/Code" start="@1615746503330" delta="11" />
  <time id="2" path="/PSPTI1/PSP0/Code" start="@1615750025046" delta="49" />
  <time id="3" path="/PSPTI1/PSP0/Code" start="@1616086753463" delta="12" />
  <time id="4" path="/PSPTI1/PSP0/Code" start="@1616171697732" delta="92" />
  <time id="5" path="/PSPTI1/PSP0/Code" start="@1616207600165" delta="141" comment="Code Together" />
  <time id="6" path="/PSPTI1/PSP0/Design" start="@1616216074302" delta="150" />
  <time id="7" path="/PSPTI1/PSP0/Compile" start="@1616225085000" delta="44" />
  <time id="8" path="/PSPTI1/PSP0/Code" start="@1616278817736" delta="76" />
  <time id="9" path="/PSPTI1/PSP0/Code" start="@1616357980218" delta="95" />
  <time id="10" path="/PSPTI1/PSP0/Code" start="@1616363667846" delta="178" />
  <time id="11" path="/PSPTI1/PSP0/Code" start="@1616439907836" delta="226" interrupt="42" />
  <time id="13" path="/PSPTI1/PSP0/Design" start="@1615604453000" delta="269" />
  <time id="14" path="/PSPTI1/PSP0/Planning" start="@1614740474000" delta="174" />
  <time id="15" path="/PSPTI1/PSP0/Code" start="@1616468547502" delta="22" />
  <time id="16" path="/PSPTI2/PSP0/Planning" start="@1618972952146" delta="11" />
  <time id="17" path="/PSPTI2/PSP0/Planning" start="@1619060458624" delta="100" comment="Functional requeriments" />
  <time id="18" path="/PSPTI2/PSP0/Code" start="@1619066483956" delta="111" comment="Modals and CSV Reader" />
  <time id="19" path="/PSPTI2/PSP0/Code" start="@1619179696168" delta="23" />
  <time id="20" path="/PSPTI2/PSP0/Code" start="@1619195377842" delta="91" comment="Calculate heigth method" />
  <time id="21" path="/PSPTI2/PSP0/Code" start="@1619289802810" delta="22" />
  <time id="22" path="/PSPTI2/PSP0/Code" start="@1619293977397" delta="82" comment="Recalculate balance factor" />
  <time id="23" path="/PSPTI2/PSP0/Code" start="@1619392890573" delta="117" comment="Filter method discussion" />
  <time id="24" path="/PSPTI2/PSP0/Code" start="@1619405049785" delta="102" />
  <time id="25" path="/PSPTI3/PSP0/Planning" start="@1621111742070" delta="81" />
  <time id="26" path="/PSPTI3/PSP0/Code" start="@1622185155000" delta="160" comment="Advance in Graph Array" />
  <time id="27" path="/PSPTI3/PSP0/Code" start="@1624258804000" delta="73" comment="GUI advance" />
  <time id="28" path="/PSPTI3/PSP0/Code" start="@1625122820000" delta="81" comment="Finish JUnit test cases" />
  <time id="29" path="/PSPTI3/PSP0/Design" start="@1622617238000" delta="106" />
</timeLogEntries>
